{
    "force_c": 622.1138951802018,
    "TQ": 0.94882,
    "ABNM": [
        1069.572082,
        720.362473,
        0.561582,
        0.828054
    ],
    "rate_param": 0.041972
}