{
    "Sensitivity_Parameter_2": -49.284189999999626,
    "Sensitivity_Parameter_3": 199.79179999999982,
    "Sensitivity_Parameter_4": 215.94392500000026,
    "Sensitivity_Parameter_5": 69.55782999999995,
    "Sensitivity_Parameter_6": 287.5003150000003,
    "Sensitivity_Parameter_7": 111.44692500000018
}