{
    "Sensitivity_Parameter_1": 606.636583,
    "Sensitivity_Parameter_2": -51.886123431730624,
    "Sensitivity_Parameter_3": 0.18617392523007734,
    "Sensitivity_Parameter_4": 0.3063627841431081,
    "Sensitivity_Parameter_5": 126.79637754999727,
    "Sensitivity_Parameter_6": 356.7333374693679,
    "Sensitivity_Parameter_7": 2681.010488585248
}