{
    "Sensitivity_Parameter_2": -9.825369999999936,
    "Sensitivity_Parameter_3": 123.89674,
    "Sensitivity_Parameter_4": 43.57964500000008,
    "Sensitivity_Parameter_5": -15.140409999999918,
    "Sensitivity_Parameter_6": 61.363090000000106,
    "Sensitivity_Parameter_7": 42.66076500000011
}