{
    "force_p": 192.33879913197887,
    "TQ": 0.94882,
    "ABNM": [
        1069.572082,
        720.362473,
        0.561582,
        0.828054
    ],
    "rate_param": 0.041972
}