{
    "Sensitivity_Parameter_1": 189.767869,
    "Sensitivity_Parameter_2": -10.344095349490853,
    "Sensitivity_Parameter_3": 0.11545189747031835,
    "Sensitivity_Parameter_4": 0.06182707558996294,
    "Sensitivity_Parameter_5": -27.599324800985666,
    "Sensitivity_Parameter_6": 76.13995098799529,
    "Sensitivity_Parameter_7": 1026.2639226346582
}